10174988765374	0	https://img14.360buyimg.com/n7/s800x800_jfs/t1/520169/38/726/169590/6a97837dFdb96bfaa/008332032069bf40.png
10174988765374	1	https://img10.360buyimg.com/pcpubliccms/s800x800_jfs/t1/484165/4/13620/116318/6a731f61F16f12513/00835dc5dc6326e1.png
10174988765374	2	https://img10.360buyimg.com/pcpubliccms/s800x800_jfs/t1/483132/25/2795/47047/6a576217Fccbbf2df/0083320320621833.png
10174988765374	3	https://img10.360buyimg.com/pcpubliccms/s800x800_jfs/t1/457950/20/7402/68746/6a32702bF00c68ab5/0083320320bda7fa.png
10174988765374	4	https://img10.360buyimg.com/pcpubliccms/s800x800_jfs/t1/480170/23/8634/70993/6a58c360Fa0f21458/00833203201c8918.png
10174988765374	5	https://img10.360buyimg.com/pcpubliccms/s800x800_jfs/t1/447453/6/21221/62711/6a326fbdFbbef15f7/0083320320bd4636.png
10174988765374	6	https://img10.360buyimg.com/pcpubliccms/s800x800_jfs/t1/447877/2/21103/116250/6a326a58Fbb4a0459/0083320320efdc3d.png
10174988765374	7	https://img10.360buyimg.com/pcpubliccms/s800x800_jfs/t1/447157/27/21214/271055/6a326913F69424038/00833203207c47cd.png
100270624389	0	https://img14.360buyimg.com/n7/s800x800_jfs/t1/504726/16/5632/42689/6a854347F161d2ed5/00835a05a0e352a3.jpg
100270624389	1	https://img10.360buyimg.com/pcpubliccms/s800x800_jfs/t1/326654/2/17838/42430/68c22157F06bd4aa1/e61a9f56323bf906.jpg
100270624389	2	https://img10.360buyimg.com/pcpubliccms/s800x800_jfs/t1/337783/14/9415/51481/68c22156F0eaea705/80c1b415ffaed59f.jpg
100270624389	3	https://img10.360buyimg.com/pcpubliccms/s800x800_jfs/t1/339849/29/8821/47943/68c22156F45b9707b/a833d1e7d0a7af1a.jpg
100270624389	4	https://img10.360buyimg.com/pcpubliccms/s800x800_jfs/t1/333438/12/11819/50524/68c22155Faef34e00/45a4e9eacbfa3634.jpg
100270624389	5	https://img10.360buyimg.com/pcpubliccms/s800x800_jfs/t1/350598/1/1915/55702/68c22155Faa53d375/7806d33a09e7b840.jpg
100270624389	6	https://img10.360buyimg.com/pcpubliccms/s800x800_jfs/t1/435680/12/20021/35111/6a0fc651F5a95e8e6/00833203207626a7.png
100270624389	7	https://img10.360buyimg.com/pcpubliccms/s800x800_jfs/t1/435251/30/19298/25793/6a0fc650Fb14ac0b4/00833203207e0add.png
10177970982535	0	https://img10.360buyimg.com/n7/s800x800_jfs/t1/502968/19/9298/110723/6a881ee5F95f5e426/025815e15e7d4047.jpg
10177970982535	1	https://img10.360buyimg.com/pcpubliccms/s800x800_jfs/t1/508225/28/10665/70565/6a963c04F9f149b79/0083320320dac042.jpg
10177970982535	2	https://img10.360buyimg.com/pcpubliccms/s800x800_jfs/t1/487047/22/8112/121299/6a6c75d7Fbbb353b7/008332032035c9d8.jpg
10177970982535	3	https://img10.360buyimg.com/pcpubliccms/s800x800_jfs/t1/334382/24/5977/84212/68b16f25F4d942fb6/1f4a29c1f43fbebc.jpg
10177970982535	4	https://img10.360buyimg.com/pcpubliccms/s800x800_jfs/t1/339221/14/3530/96129/68b16f27F4d9a7868/2ecd8d10651a49b6.jpg
10177970982535	5	https://img10.360buyimg.com/pcpubliccms/s800x800_jfs/t1/334832/29/5912/136730/68b16f28F4d2544ba/0e0b1704182051cf.jpg
10177970982535	6	https://img10.360buyimg.com/pcpubliccms/s800x800_jfs/t1/325261/6/12864/65956/68b16f26F3af4957c/72c96846c6d34bd2.jpg
10177970982535	7	https://img10.360buyimg.com/pcpubliccms/s800x800_jfs/t1/324704/29/12710/61807/68b16f23F4c21baf9/87edee31ae432ee7.jpg
10177970982535	8	https://img10.360buyimg.com/pcpubliccms/s800x800_jfs/t1/482133/22/3076/55152/6a5745dfFf39ff33f/0083320320ec46e7.jpg
100270865468	0	https://img13.360buyimg.com/n7/s800x800_jfs/t1/518341/3/3151/189640/6a98d87fF3c638d3d/00835dc5dcdd263b.png
100270865468	1	https://img10.360buyimg.com/pcpubliccms/s800x800_jfs/t1/381520/39/7020/21664/694cf086Fc76bab4a/095d6e93e2e2a382.jpg
100270865468	2	https://img10.360buyimg.com/pcpubliccms/s800x800_jfs/t1/375206/10/22334/86916/694cf086Fdaa411f2/2c2cb3999a8f1eb1.jpg
100270865468	3	https://img10.360buyimg.com/pcpubliccms/s800x800_jfs/t1/377310/26/19992/45638/694cf086F5c6cc7b3/254e6129f45ce101.jpg
100270865468	4	https://img10.360buyimg.com/pcpubliccms/s800x800_jfs/t1/381098/21/5573/35505/694cf085Fc0784506/7ba6e18deacf7148.jpg
100270865468	5	https://img10.360buyimg.com/pcpubliccms/s800x800_jfs/t1/376254/4/18528/31953/694cf085F48bcf007/a3f8cc6295a1ea7a.jpg
100270865468	6	https://img10.360buyimg.com/pcpubliccms/s800x800_jfs/t1/377484/10/17581/26938/694cf085F756ad9ce/10e68b327182d547.jpg
100270865468	7	https://img10.360buyimg.com/pcpubliccms/s800x800_jfs/t1/375426/38/18873/26479/694cf085F793d263a/e525317280267319.jpg
10113492182366	0	https://img11.360buyimg.com/n7/s800x800_jfs/t1/513390/21/6282/146324/6a978367Fc2832625/00833203200c1e45.png
10113492182366	1	https://img10.360buyimg.com/pcpubliccms/s800x800_jfs/t1/484165/4/13620/116318/6a731f61F16f12513/00835dc5dc6326e1.png
10113492182366	2	https://img10.360buyimg.com/pcpubliccms/s800x800_jfs/t1/480823/36/6370/47047/6a57621eF7a4b9f3e/0083320320a1d9d3.png
10113492182366	3	https://img10.360buyimg.com/pcpubliccms/s800x800_jfs/t1/457950/20/7402/68746/6a32702bF00c68ab5/0083320320bda7fa.png
10113492182366	4	https://img10.360buyimg.com/pcpubliccms/s800x800_jfs/t1/480170/23/8634/70993/6a58c360Fa0f21458/00833203201c8918.png
10113492182366	5	https://img10.360buyimg.com/pcpubliccms/s800x800_jfs/t1/447453/6/21221/62711/6a326fbdFbbef15f7/0083320320bd4636.png
10113492182366	6	https://img10.360buyimg.com/pcpubliccms/s800x800_jfs/t1/447877/2/21103/116250/6a326a58Fbb4a0459/0083320320efdc3d.png
10113492182366	7	https://img10.360buyimg.com/pcpubliccms/s800x800_jfs/t1/447157/27/21214/271055/6a326913F69424038/00833203207c47cd.png
100266036816	0	https://img11.360buyimg.com/n7/s800x800_jfs/t1/510765/37/9982/61563/6a9532c9Ff227773e/00837d07d032c287.jpg
100266036816	1	https://img10.360buyimg.com/pcpubliccms/s800x800_jfs/t1/318516/27/25158/44876/689d5a2cF72b50a5d/68bfebbd636d4edd.jpg
100266036816	2	https://img10.360buyimg.com/pcpubliccms/s800x800_jfs/t1/326344/11/4361/34416/689d5a2cF05936cf7/915f6faa0065871c.jpg
100266036816	3	https://img10.360buyimg.com/pcpubliccms/s800x800_jfs/t1/317249/27/24706/29362/689d5a2cF5e13f951/21ae5c1cb7ac3de6.jpg
100266036816	4	https://img10.360buyimg.com/pcpubliccms/s800x800_jfs/t1/294692/4/20805/20188/689d5a2cFe3a46951/133652322a6fadf6.jpg
100266036816	5	https://img10.360buyimg.com/pcpubliccms/s800x800_jfs/t1/319680/40/24702/34904/689d5a2cFd9ac8e98/119ec7e4aa978583.jpg
100324538252	0	https://img12.360buyimg.com/n7/s800x800_jfs/t1/505511/18/6581/286763/6a86d1d2F7dad727f/00835dc5dcc578e3.jpg
100324538252	1	https://img10.360buyimg.com/pcpubliccms/s800x800_jfs/t1/484265/14/4004/189386/6a5f0ed9F9f16bccc/00835dc7d0294b71.jpg
100324538252	2	https://img10.360buyimg.com/pcpubliccms/s800x800_jfs/t1/441728/9/14592/63976/6a1e3ae0Fbaa93086/00832ee3e865c51d.png
100324538252	3	https://img10.360buyimg.com/pcpubliccms/s800x800_jfs/t1/430101/36/14844/100578/6a1a388fFb0c5acfd/00832ee3e873366e.png
100324538252	4	https://img10.360buyimg.com/pcpubliccms/s800x800_jfs/t1/416967/17/17868/146907/69df3c35Fe79da1a6/00832ee3e825e59d.png
100324538252	5	https://img10.360buyimg.com/pcpubliccms/s800x800_jfs/t1/421786/24/931/180822/69e04a95F5bb73127/00832ee3e83e968a.png
100324538252	6	https://img10.360buyimg.com/pcpubliccms/s800x800_jfs/t1/401217/25/2080/249311/69a6b528F2942039b/00832ee3e881d0c6.png
100324538252	7	https://img10.360buyimg.com/pcpubliccms/s800x800_jfs/t1/396060/15/18124/180317/69a6b527Fd5c87e57/00832ee3e8775384.png
100324538252	8	https://img10.360buyimg.com/pcpubliccms/s800x800_jfs/t1/397143/13/11293/27923/69a6b520Fc6303b93/00832ee3e84012cc.png
100323358084	0	https://img14.360buyimg.com/n7/s800x800_jfs/t1/510045/14/9144/60288/6a9532e3F002250aa/00837d07d0ea777b.jpg
100323358084	1	https://img10.360buyimg.com/pcpubliccms/s800x800_jfs/t1/335584/30/13929/95961/698c5c83F869ef889/00833203203d840a.jpg
100323358084	2	https://img10.360buyimg.com/pcpubliccms/s800x800_jfs/t1/393622/19/15641/36349/698c5c83F8bb3e994/00833203206f08a3.jpg
100323358084	3	https://img10.360buyimg.com/pcpubliccms/s800x800_jfs/t1/389515/9/20046/38243/698c5c83F257a8729/008332032014f2b3.jpg
100323358084	4	https://img10.360buyimg.com/pcpubliccms/s800x800_jfs/t1/395622/31/5837/36630/698c5c82Fabf1e00b/0083320320b82e8c.jpg
10169420316288	0	https://img13.360buyimg.com/n7/s800x800_jfs/t1/510348/34/2184/127970/6a886647F3702cc4b/0083320320072f07.png
10169420316288	1	https://img10.360buyimg.com/pcpubliccms/s800x800_jfs/t1/497325/38/1051/204707/6a6c82faF52a7e9fa/00833203202146c8.png
10169420316288	2	https://img10.360buyimg.com/pcpubliccms/s800x800_jfs/t1/463025/31/8382/48248/6a3e5783F532da719/008332032059de71.png
10169420316288	3	https://img10.360buyimg.com/pcpubliccms/s800x800_jfs/t1/457950/20/7402/68746/6a32702bF00c68ab5/0083320320bda7fa.png
10169420316288	4	https://img10.360buyimg.com/pcpubliccms/s800x800_jfs/t1/477113/15/14444/226809/6a5eebebFed02092d/00835dc5dc5b8938.jpg
10169420316288	5	https://img10.360buyimg.com/pcpubliccms/s800x800_jfs/t1/478534/32/9662/209704/6a5a0f03F8620a126/00835dc5dc66f975.jpg
10169420316288	6	https://img10.360buyimg.com/pcpubliccms/s800x800_jfs/t1/486000/36/724/206249/6a5a0f87F69ff67f2/00835dc5dc674fe8.jpg
10169420316288	7	https://img10.360buyimg.com/pcpubliccms/s800x800_jfs/t1/481316/26/7609/324772/6a5eec52F0fc92dc1/00835dc5dcfa95fd.jpg
100265399145	0	https://img10.360buyimg.com/n7/s800x800_jfs/t1/501068/36/11182/66309/6a86760dF53a8b11f/0083320320ff859e.jpg
100265399145	1	https://img10.360buyimg.com/pcpubliccms/s800x800_jfs/t1/491909/40/14036/69967/6a867600Fe3d8adc9/00832ee3e818e78a.jpg
100265399145	2	https://img10.360buyimg.com/pcpubliccms/s800x800_jfs/t1/459129/12/11701/55271/6a3b98acFf954ea33/00832ee3e85a24be.jpg
100265399145	3	https://img10.360buyimg.com/pcpubliccms/s800x800_jfs/t1/436300/2/8536/181678/6a099c91Fd1dbf45a/00835a0780215248.jpg
100265399145	4	https://img10.360buyimg.com/pcpubliccms/s800x800_jfs/t1/433340/2/17407/392456/6a099c90F93e6da0f/00835a078056cbe2.jpg
100265399145	5	https://img10.360buyimg.com/pcpubliccms/s800x800_jfs/t1/434424/13/12898/325903/6a099c92F530f52a5/00835a078066d64f.jpg
100265399145	6	https://img10.360buyimg.com/pcpubliccms/s800x800_jfs/t1/433608/19/15114/133294/6a099c94F8d64ec0f/00835a0780c65a21.jpg
100265399145	7	https://img10.360buyimg.com/pcpubliccms/s800x800_jfs/t1/434253/3/13710/251497/6a099c93Fde2d22a0/00835a07804255e4.jpg
10113492182368	0	https://img13.360buyimg.com/n7/s800x800_jfs/t1/512151/38/9297/157523/6a978363F4249d359/008332032015c4a2.png
10113492182368	1	https://img10.360buyimg.com/pcpubliccms/s800x800_jfs/t1/484165/4/13620/116318/6a731f61F16f12513/00835dc5dc6326e1.png
10113492182368	2	https://img10.360buyimg.com/pcpubliccms/s800x800_jfs/t1/483598/4/1808/47047/6a57622cF06b2bd36/00833203201a2108.png
10113492182368	3	https://img10.360buyimg.com/pcpubliccms/s800x800_jfs/t1/457950/20/7402/68746/6a32702bF00c68ab5/0083320320bda7fa.png
10113492182368	4	https://img10.360buyimg.com/pcpubliccms/s800x800_jfs/t1/480170/23/8634/70993/6a58c360Fa0f21458/00833203201c8918.png
10113492182368	5	https://img10.360buyimg.com/pcpubliccms/s800x800_jfs/t1/447453/6/21221/62711/6a326fbdFbbef15f7/0083320320bd4636.png
10113492182368	6	https://img10.360buyimg.com/pcpubliccms/s800x800_jfs/t1/447877/2/21103/116250/6a326a58Fbb4a0459/0083320320efdc3d.png
10113492182368	7	https://img10.360buyimg.com/pcpubliccms/s800x800_jfs/t1/447157/27/21214/271055/6a326913F69424038/00833203207c47cd.png
10147812480335	0	https://img10.360buyimg.com/n7/s800x800_jfs/t1/484155/31/8518/66427/6a6725d3F80852c67/008332032005d380.jpg
10147812480335	1	https://img10.360buyimg.com/pcpubliccms/s800x800_jfs/t1/489075/20/9454/104262/6a6db8d3F67aeeae2/00832ee3e8810de3.jpg
10147812480335	2	https://img10.360buyimg.com/pcpubliccms/s800x800_jfs/t1/463835/22/11032/105142/6a647e3dF19649b16/00832ee3e8e5870b.png
10147812480335	3	https://img10.360buyimg.com/pcpubliccms/s800x800_jfs/t1/483704/2/12738/104787/6a6db6beF39c7af4a/00832ee3e8493cc5.png
10147812480335	4	https://img10.360buyimg.com/pcpubliccms/s800x800_jfs/t1/462424/19/15200/104068/6a647eb7Faf0bb63a/00832ee3e898c407.png
10147812480335	5	https://img10.360buyimg.com/pcpubliccms/s800x800_jfs/t1/493435/17/3952/155017/6a6db1f6Ff7d1fffa/00834385a04025f0.jpg
10147812480335	6	https://img10.360buyimg.com/pcpubliccms/s800x800_jfs/t1/478644/37/15157/466433/6a647d69Ff90de4cf/00832ee3e8f018d0.png
10147812480335	7	https://img10.360buyimg.com/pcpubliccms/s800x800_jfs/t1/481335/27/12269/137403/6a647d69F916399f8/00832ee3e8a44f98.png
10147812480335	8	https://img10.360buyimg.com/pcpubliccms/s800x800_jfs/t1/490601/18/5268/89163/6a6db7ddF181d43c9/00832ee3e8156a88.png
10186717631730	0	https://img10.360buyimg.com/n7/s800x800_jfs/t1/355139/37/612/72718/690302e2F4bfd6b79/9c597748bdfb4ff9.jpg
10186717631730	1	https://img10.360buyimg.com/pcpubliccms/s800x800_jfs/t1/474330/29/17297/119899/6a59f2bbF5a4a4331/00832ee3e83f79e7.jpg
10186717631730	2	https://img10.360buyimg.com/pcpubliccms/s800x800_jfs/t1/475088/11/17682/108917/6a59f2c6F5b80ce7d/00832ee3e8874f17.jpg
10186717631730	3	https://img10.360buyimg.com/pcpubliccms/s800x800_jfs/t1/485384/31/10058/113750/6a69d09aF7f22e981/00832ee3e887bed3.png
10186717631730	4	https://img10.360buyimg.com/pcpubliccms/s800x800_jfs/t1/493211/21/2356/75270/6a69d0a8F5fe933fe/00832ee3e896fb83.png
10186717631730	5	https://img10.360buyimg.com/pcpubliccms/s800x800_jfs/t1/481449/32/4743/142475/6a59f2dcF1a4050eb/00832ee3e8573596.jpg
10186717631730	6	https://img10.360buyimg.com/pcpubliccms/s800x800_jfs/t1/472820/6/17734/91362/6a59f2e7F89c05b55/00832ee3e829769a.jpg
10186717631730	7	https://img10.360buyimg.com/pcpubliccms/s800x800_jfs/t1/479346/32/8028/120936/6a59f2f0Ffe30b9ce/00832ee3e824f9c7.jpg
10186717631730	8	https://img10.360buyimg.com/pcpubliccms/s800x800_jfs/t1/481655/10/4428/147868/6a59f2f9Fa4d7c695/00832ee3e8cacc1f.jpg
100279354877	0	https://img12.360buyimg.com/n7/s800x800_jfs/t1/510430/21/8893/331101/6a9551b0F8f7b113e/00835dc5dc0e9f50.jpg